id,name,username,email,phone,website,street,city,zipcode,company_name,catch_phrase
1,Leanne Graham,bret,sincere@april.biz,1-770-736-8031 x56442,hildegard.org,Kulas Light,Gwenborough,92998-3874,Romaguera-Crona,Multi-layered client-server neural-net
2,Ervin Howell,antonette,shanna@melissa.tv,010-692-6593 x09125,anastasia.net,Victor Plains,Wisokyburgh,90566-7771,Deckow-Crist,Proactive didactic contingency
3,Clementine Bauch,samantha,nathan@yesenia.net,1-463-123-4447,ramiro.info,Douglas Extension,McKenziehaven,59590-4157,Romaguera-Jacobson,Face to face bifurcated interface
4,Patricia Lebsack,karianne,julianne.oconner@kory.org,493-170-9623 x156,kale.biz,Hoeger Mall,South Elvis,53919-4257,Robel-Corkery,Multi-tiered zero tolerance productivity
5,Chelsey Dietrich,kamren,lucio_hettinger@annie.ca,(254)954-1289,demarco.info,Skiles Walks,Roscoeview,33263,Keebler LLC,User-centric fault-tolerant solution
6,Mrs. Dennis Schulist,leopoldo_corkery,karley_dach@jasper.info,1-477-935-8478 x6430,ola.org,Norberto Crossing,South Christy,23505-1337,Considine-Lockman,Synchronised bottom-line interface
7,Kurtis Weissnat,elwyn.skiles,telly.hoeger@billy.biz,210.067.6132,elvis.io,Rex Trail,Howemouth,58804-1099,Johns Group,Configurable multimedia task-force
8,Nicholas Runolfsdottir V,maxime_nienow,sherwood@rosamond.me,586.493.6943 x140,jacynthe.com,Ellsworth Summit,Aliyaview,45169,Abernathy Group,Implemented secondary concept
9,Glenna Reichert,delphine,chaim_mcdermott@dana.io,(775)976-6794 x41206,conrad.com,Dayna Park,Bartholomebury,76495-3109,Yost and Sons,Switchable contextually-based project
10,Clementina DuBuque,moriah.stanton,rey.padberg@karina.biz,024-648-3804,ambrose.net,Kattie Turnpike,Lebsackbury,31428-2261,Hoeger LLC,Centralized empowering task-force
